{
  "x_min": -1.2783960517272075,
  "z_min": -1.5688073394495412,
  "cell_size": 0.0249007379057395,
  "grid_width": 201,
  "grid_height": 128,
  "height_offset": 0.03,
  "stretch_factor": 3.0,
  "collision_alpha": 0.3,
  "brush_radius": 0.1
}