{
  "x_min": -0.8722069777211495,
  "z_min": -1.78125,
  "cell_size": 0.020977115194501645,
  "grid_width": 201,
  "grid_height": 172,
  "height_offset": 0.05,
  "stretch_factor": 3.0,
  "collision_alpha": 0.3,
  "brush_radius": 0.11
}