{
  "version": 1,
  "node_positions": {
    "npc:teahouse.waiter_xiaoer": {
      "x": -678.6441078275108,
      "y": 462.1088490032409
    },
    "item:iron_hoop": {
      "x": -692.546275318013,
      "y": -390.1845991424213
    },
    "npc:test_room_a.npc_ringboy": {
      "x": 481.98187325187615,
      "y": -593.595903209825
    },
    "npc:teahouse.blind_li": {
      "x": -243.99279128417754,
      "y": -753.7804148288396
    },
    "npc:teahouse.storyteller_zhang": {
      "x": -295.0728033808879,
      "y": 702.6047022461377
    },
    "talked_wang_about_ghost": {
      "x": 754.4726316783194,
      "y": 280.32290144368454
    },
    "heard_teahouse_story": {
      "x": -471.94458933155437,
      "y": 646.0390171362226
    },
    "got_iron_box": {
      "x": -793.7597977084765,
      "y": 205.31163187995136
    },
    "rule:rule_no_go_night": {
      "x": 416.5910253570435,
      "y": -682.1944136695357
    },
    "item:iron_box": {
      "x": -355.7305773197152,
      "y": -720.2208637987261
    },
    "frag:frag_zombie_fire_01": {
      "x": 589.3793929453428,
      "y": 549.5910940636802
    },
    "scene:test_room_a": {
      "x": 1267.5448342965997,
      "y": 1009.9725866638323
    }
  }
}