{
  "version": 1,
  "node_positions": {
    "knot:滚铁环小孩对话.start": {
      "x": 0.09408237613698295,
      "y": 796.2099125384896
    },
    "knot:peddler.first_visit": {
      "x": 473.2729502941581,
      "y": 82.7403353747117
    },
    "knot:test_npc.end_chat": {
      "x": -539.3537655550876,
      "y": -592.543529728909
    },
    "npc:teahouse.waiter_xiaoer": {
      "x": -678.6441078275108,
      "y": 462.1088490032409
    },
    "knot:storyteller.return_visit": {
      "x": 218.26296850056073,
      "y": 724.8576663610735
    },
    "knot:滚铁环小孩对话.grant_iron_hoop_doc": {
      "x": -565.6864765828581,
      "y": 623.1705700591107
    },
    "knot:滚铁环小孩对话.branch_after_event_done": {
      "x": 597.5938197364375,
      "y": -507.8088531029723
    },
    "item:iron_hoop": {
      "x": -692.546275318013,
      "y": -390.1845991424213
    },
    "knot:test_npc.start": {
      "x": -101.2787392109695,
      "y": 15.914246594189903
    },
    "knot:滚铁环小孩对话.branch_before_event_done": {
      "x": 216.6609579121426,
      "y": -494.32787568487294
    },
    "knot:peddler.first_visit_end": {
      "x": 284.93384120158976,
      "y": -721.9884116070097
    },
    "knot:peddler.start": {
      "x": -313.61710435663497,
      "y": 7.7600718458898585
    },
    "knot:blind_li.false_motive": {
      "x": 55.862127185196385,
      "y": 765.2278903607875
    },
    "knot:blind_li.after_box": {
      "x": -772.9185929124905,
      "y": 12.307595398848308
    },
    "knot:blind_li.start": {
      "x": 189.0407453104105,
      "y": -754.0649521449349
    },
    "npc:test_room_a.npc_ringboy": {
      "x": 481.98187325187615,
      "y": -593.595903209825
    },
    "heard_opera_rumor": {
      "x": -394.85453876084546,
      "y": 727.3318391172286
    },
    "knot:blind_li.ask_warning": {
      "x": 699.9113658993369,
      "y": 411.66226995171735
    },
    "npc:teahouse.blind_li": {
      "x": -243.99279128417754,
      "y": -753.7804148288396
    },
    "know_city_strange": {
      "x": 627.1480254559713,
      "y": -394.4566750074026
    },
    "has_item_talisman": {
      "x": -780.6760077074315,
      "y": -93.891572335503
    },
    "knot:storyteller.first_visit": {
      "x": -632.306527728586,
      "y": 541.3322704365796
    },
    "npc:teahouse.storyteller_zhang": {
      "x": -295.0728033808879,
      "y": 702.6047022461377
    },
    "know_ghost_opera": {
      "x": 404.57454420770176,
      "y": 543.1839234762087
    },
    "铁环小孩_已经获得铁环": {
      "x": 99.74942993273382,
      "y": -760.9803513913088
    },
    "talked_wang_about_ghost": {
      "x": 754.4726316783194,
      "y": 280.32290144368454
    },
    "knot:peddler.return_visit": {
      "x": 505.61541647695066,
      "y": 642.9582198367093
    },
    "knot:storyteller.start": {
      "x": 127.2318583631403,
      "y": 784.9266820185393
    },
    "knot:滚铁环小孩对话.opt_ask_ring": {
      "x": -748.3377492668037,
      "y": -301.7727605502194
    },
    "knot:滚铁环小孩对话.opt_ask_ring_after_narration": {
      "x": -775.5176054331023,
      "y": -211.6038431911224
    },
    "waiter_met": {
      "x": -150.36609172412489,
      "y": -740.2056858526888
    },
    "heard_waiter_ghost_talk": {
      "x": 729.0380894684305,
      "y": -254.99248322407502
    },
    "heard_ghost_story": {
      "x": -662.6882187448452,
      "y": 366.2951379197841
    },
    "heard_teahouse_story": {
      "x": -471.94458933155437,
      "y": 646.0390171362226
    },
    "knot:blind_li.too_early": {
      "x": -234.87002972786104,
      "y": 788.7498875933293
    },
    "knot:滚铁环小孩对话.没有铁环": {
      "x": 550.0501666140127,
      "y": -554.0509478395057
    },
    "got_iron_box": {
      "x": -793.7597977084765,
      "y": 205.31163187995136
    },
    "knot:waiter.start": {
      "x": 377.4541134018963,
      "y": 667.1620661196422
    },
    "rule:rule_no_go_night": {
      "x": 416.5910253570435,
      "y": -682.1944136695357
    },
    "knot:blind_li.honest_motive": {
      "x": -20.886730954103793,
      "y": -726.1290734283015
    },
    "foreigner_crate_event_done": {
      "x": 761.7965622202021,
      "y": 158.77788336152548
    },
    "knot:滚铁环小孩对话.opt_snatch_ring": {
      "x": -94.05880568820177,
      "y": -786.9005555397893
    },
    "knot:test.start": {
      "x": -612.1770475505614,
      "y": -449.48122197618085
    },
    "knot:waiter.first_visit": {
      "x": 629.2886680204216,
      "y": 384.1364689224476
    },
    "knot:test_npc.end_ghost_chat": {
      "x": 778.2939278907168,
      "y": -29.560915988792893
    },
    "knot:waiter.after_box": {
      "x": -741.9677231919919,
      "y": 294.927010769526
    },
    "knot:blind_li.first_talk": {
      "x": 754.3764651083056,
      "y": 52.88133892778762
    },
    "knot:滚铁环小孩对话.已经有铁环": {
      "x": 737.5159289681635,
      "y": -165.09202306157619
    },
    "peddler_met": {
      "x": 706.1908668893345,
      "y": -80.05136643461701
    },
    "knot:test_npc.talked_ghost": {
      "x": -408.0962658395621,
      "y": -433.7865286923129
    },
    "box_taboo_active": {
      "x": -800.0,
      "y": 105.40409298522493
    },
    "met_blind_li": {
      "x": -336.08278711674075,
      "y": -634.3726763140941
    },
    "heard_yanwang_story": {
      "x": 712.4674456836162,
      "y": -349.88250046477384
    },
    "archive_book_entry_erta_geo_iron_ring": {
      "x": -123.91078580900293,
      "y": 755.931337310435
    },
    "item:iron_box": {
      "x": -355.7305773197152,
      "y": -720.2208637987261
    },
    "peddler_story_heard": {
      "x": -452.9139290778724,
      "y": -642.395211762702
    },
    "frag:frag_zombie_fire_01": {
      "x": 589.3793929453428,
      "y": 549.5910940636802
    },
    "knot:waiter.return_visit": {
      "x": 315.4071747598654,
      "y": 720.489296920312
    },
    "scene:test_room_a": {
      "x": 1267.5448342965997,
      "y": 1009.9725866638323
    }
  }
}