{
  "version": 1,
  "node_positions": {
    "npc:teahouse.waiter_xiaoer": {
      "x": -678.6441078275108,
      "y": 462.1088490032409
    },
    "item:iron_hoop": {
      "x": -692.546275318013,
      "y": -390.1845991424213
    },
    "npc:test_room_a.npc_ringboy": {
      "x": 481.98187325187615,
      "y": -593.595903209825
    },
    "npc:teahouse.blind_li": {
      "x": -243.99279128417754,
      "y": -753.7804148288396
    },
    "npc:teahouse.storyteller_zhang": {
      "x": -295.0728033808879,
      "y": 702.6047022461377
    },
    "talked_wang_about_ghost": {
      "x": 754.4726316783194,
      "y": 280.32290144368454
    },
    "heard_teahouse_story": {
      "x": -471.94458933155437,
      "y": 646.0390171362226
    },
    "got_iron_box": {
      "x": -793.7597977084765,
      "y": 205.31163187995136
    },
    "rule:rule_no_go_night": {
      "x": 416.5910253570435,
      "y": -682.1944136695357
    },
    "item:iron_box": {
      "x": -355.7305773197152,
      "y": -720.2208637987261
    },
    "frag:frag_zombie_fire_01": {
      "x": 589.3793929453428,
      "y": 549.5910940636802
    },
    "scene:test_room_a": {
      "x": 1267.5448342965997,
      "y": 1009.9725866638323
    },
    "dlggraph:码头看板官差": {
      "x": 1172.217971098626,
      "y": -22.142960886823204
    },
    "dlggraph:茶馆小二": {
      "x": 12.799455832196827,
      "y": 158.82964441046278
    },
    "npc:码头白天.new_npc_4": {
      "x": 1006.254664509466,
      "y": -328.06170853693305
    },
    "scene:码头白天": {
      "x": 903.8059510355616,
      "y": -469.59439925849995
    },
    "npc:码头白天.npc_脚帮告示": {
      "x": -171.0604646743703,
      "y": -486.62298423931827
    }
  }
}