{
  "x_min": -2.5716508442080275,
  "z_min": -4.412903225806452,
  "cell_size": 0.044258064516129035,
  "grid_width": 161,
  "grid_height": 201,
  "height_offset": 0.05,
  "stretch_factor": 3.0,
  "collision_alpha": 0.3,
  "brush_radius": 0.46
}