{
  "x_min": -2.5119627716117807,
  "z_min": -3.3015873015873014,
  "cell_size": 0.033095238095238094,
  "grid_width": 180,
  "grid_height": 201,
  "height_offset": 0.1,
  "stretch_factor": 3.0,
  "collision_alpha": 0.3,
  "brush_radius": 0.11
}