{
  "x_min": -1.4568284797968425,
  "z_min": -1.4572127139364304,
  "cell_size": 0.024085983072081395,
  "grid_width": 201,
  "grid_height": 123,
  "height_offset": 0.03,
  "stretch_factor": 3.0,
  "collision_alpha": 0.3,
  "brush_radius": 0.04
}