{
  "x_min": -38.25394957373098,
  "z_min": -68.4,
  "cell_size": 0.6859999999999999,
  "grid_width": 112,
  "grid_height": 201,
  "height_offset": 0.67,
  "stretch_factor": 3.0,
  "collision_alpha": 0.3,
  "brush_radius": 1.0
}