{
  "x_min": -46.680082414402015,
  "z_min": -83.2,
  "cell_size": 0.8340000000000001,
  "grid_width": 114,
  "grid_height": 201,
  "height_offset": 0.67,
  "stretch_factor": 3.0,
  "collision_alpha": 0.3,
  "brush_radius": 5.01
}