{
  "name": "河边",
  "camera": {
    "zoom": 1.0,
    "pixelsPerUnit": 1.0
  },
  "id": "河边",
  "worldWidth": 1376,
  "worldHeight": 768,
  "backgrounds": [
    {
      "image": "background.png",
      "x": 0,
      "y": 0
    }
  ],
  "spawnPoint": {
    "x": 457.5,
    "y": 538.4
  },
  "depthConfig": {
    "depth_map": "raw_depth_rg.png",
    "collision_map": "collision.png",
    "M": {
      "R": [
        [
          0.0,
          -0.5877852522924731,
          -0.8090169943749475
        ],
        [
          0.0,
          0.8090169943749475,
          -0.5877852522924731
        ],
        [
          -1.0,
          0.0,
          -0.0
        ]
      ],
      "ppu": 155.0,
      "cx": 688.0,
      "cy": 384.0
    },
    "depth_mapping": {
      "invert": true,
      "scale": 5.27,
      "offset": -3.8
    },
    "shader": {
      "depth_per_sy": 0.004687371148421683,
      "floor_depth_A": -0.00887988335787854,
      "floor_depth_B": 3.409875209425359
    },
    "depth_tolerance": 0.0,
    "floor_offset": 0.0,
    "collision": {
      "x_min": -2.5716508442080275,
      "z_min": -4.412903225806452,
      "cell_size": 0.044258064516129035,
      "grid_width": 161,
      "grid_height": 201,
      "height_offset": 0.05
    }
  }
}
